<?xml version="1.0" encoding="UTF-8"?>
<!DOCTYPE hibernate-configuration PUBLIC
        "-//Hibernate/Hibernate Configuration DTD 3.0//EN"
        "http://hibernate.sourceforge.net/hibernate-configuration-3.0.dtd">
<hibernate-configuration>
    <session-factory>
        <!-- Database connection properties -->
        <property name="hibernate.connection.url">jdbc:mysql://localhost:3306/your_database</property>
        <property name="hibernate.connection.username">your_username</property>
        <property name="hibernate.connection.password">your_password</property>
        <property name="hibernate.connection.driver_class">com.mysql.cj.jdbc.Driver</property>

        <!-- Hibernate properties -->
        <property name="hibernate.dialect">org.hibernate.dialect.MySQLDialect</property>
        <property name="hibernate.hbm2ddl.auto">create</property>
        <property name="hibernate.show_sql">true</property>
        <property name="hibernate.format_sql">true</property>

        <!-- List of annotated classes -->
        <mapping class="com.example.Actor"/>
        <mapping class="com.example.Movie"/>
        <mapping class="com.example.Genre"/>
    </session-factory>
</hibernate-configuration>